# _tick,_time,step,total_loss,mean_episode_return,pg_loss,baseline_loss,entropy_loss,mu,sigma,BanditStokeEnv-v0_step
0,1643921602.2527537,0,2.59785795211792,1.0,2.363288402557373,0.2360079437494278,-0.0014383160741999745,tensor([0.]),tensor([1.]),1
1,1643922425.2278094,0,2.5674021244049072,1.0,2.3366520404815674,0.23218829929828644,-0.0014381358632817864,tensor([0.]),tensor([1.]),1
2,1643922843.6721091,0,2.574889659881592,1.0,2.3430275917053223,0.23330055177211761,-0.0014382994268089533,tensor([0.]),tensor([1.]),1
3,1643923166.491426,0,2.3852200508117676,117.21387481689453,2.1709537506103516,0.21570466458797455,-0.001438466482795775,tensor([0.]),tensor([1.]),,1
4,1643923401.5323815,0,2.355250835418701,0.9075144529342651,2.1577982902526855,0.1988908350467682,-0.0014384964015334845,tensor([0.]),tensor([1.]),,1
5,1643923721.409166,0,2.4381356239318848,1.0,2.2181172370910645,0.22145682573318481,-0.0014383990783244371,tensor([0.]),tensor([1.]),1,
6,1643924869.606984,0,-0.029464727267622948,0.0,-0.028059959411621094,3.3483807783341035e-05,-0.0014382509980350733,tensor([0.]),tensor([1.]),1,
7,1643925054.4037702,0,-0.17994646728038788,0.0,-0.17992068827152252,0.0014128213515505195,-0.0014385966351255774,tensor([0.]),tensor([1.]),1,
8,1643925152.4932504,0,0.016906477510929108,0.0,0.01813504658639431,1.872390930657275e-05,-0.0012472915695980191,tensor([0.]),tensor([1.]),1,
9,1643925193.9610846,0,0.029374830424785614,0.0,0.030565308406949043,5.6813198170857504e-05,-0.0012472912203520536,tensor([0.]),tensor([1.]),1,
10,1643925318.9390988,0,-0.13569635152816772,0.0,-0.13551805913448334,0.0010689061600714922,-0.001247192034497857,tensor([0.]),tensor([1.]),1,
11,1643926016.5478818,0,2.676252603530884,1.0,2.4205219745635986,0.25716888904571533,-0.0014384820824488997,tensor([0.]),tensor([1.]),1,
